Binomial,Range,MaturePop,Genus,Family,Order,AdultBodyMassG,GenerationLengthD,RedListStatus,TrophicLevel,Range_km^2,pop_density
Acerodon jubatus,144170000000,6700,Acerodon,Pteropodidae,Chiroptera,1087.04,3650,EN,Herbivore,144170,0.046472913921065
Acinonyx jubatus,2943300000000,6674,Acinonyx,Felidae,Carnivora,50577.92,2190,VU,Carnivore,2943300,0.002267522848503
Addax nasomaculatus,33784517743,51.96152423,Addax,Bovidae,Cetartiodactyla,96077.36,2555,CR,Herbivore,33784.517743,0.00153802770326
Aepyceros melampus,3359990000000,2000000,Aepyceros,Bovidae,Cetartiodactyla,52591.69,2674.111667,LC,Herbivore,3359990,0.595239866785318
Ailuropoda melanoleuca,25709600127,1040,Ailuropoda,Ursidae,Carnivora,118000,5246.699417,VU,Herbivore,25709.600127,0.040451815464364
Alcelaphus buselaphus,6759380000000,242540,Alcelaphus,Bovidae,Cetartiodactyla,160937.9,2863.875333,LC,Herbivore,6759380,0.035881989176522
Alouatta guariba,1076630000000,528.63,Alouatta,Atelidae,Primates,5188.33,3888.341186,LC,Herbivore,1076630,0.000491004337609
Ammodorcas clarkei,83716858536,2800,Ammodorcas,Bovidae,Cetartiodactyla,28049.81,2555,VU,Herbivore,83716.858536,0.033446071065793
Ammotragus lervia,1416970000000,7071.067812,Ammotragus,Bovidae,Cetartiodactyla,94202.22,1825,VU,Herbivore,1416970,0.004990273479326
Antechinomys laniger,2438410000000,44721.35955,Antechinomys,Dasyuridae,Dasyuromorphia,25.57,654.85,LC,Insectivore,2438410,0.018340377356556
Antechinus bellus,20577833749,25148.66859,Antechinus,Dasyuridae,Dasyuromorphia,38.73,622.1218,VU,Carnivore,20577.833749,1.22212419911411
Antidorcas marsupialis,1950010000000,1565247.584,Antidorcas,Bovidae,Cetartiodactyla,33571.24,2563.152683,LC,Herbivore,1950010,0.802686952374603
Antilocapra americana,2007740000000,750000,Antilocapra,Antilocapridae,Cetartiodactyla,47450.01,1652.841667,LC,Herbivore,2007740,0.373554344686065
Antilope cervicapra,1754050000000,35000,Antilope,Bovidae,Cetartiodactyla,36301.1,2747.350267,LC,Herbivore,1754050,0.019953821156752
Aplodontia rufa,245472000000,67000,Aplodontia,Aplodontiidae,Rodentia,806.21,1576.8,LC,Herbivore,245472,0.272943553643593
Aproteles bulmerae,48155327.49,148.0540442,Aproteles,Pteropodidae,Chiroptera,623.91,2349.856741,CR,Herbivore,48.15532749,3.07451017191701
Axis kuhlii,63797794.85,316.227766,Axis,Cervidae,Cetartiodactyla,54999.99,1985.475,CR,Herbivore,63.79779485,4.95671937789555
Babyrousa togeanensis,533083881.2,500,Babyrousa,Suidae,Cetartiodactyla,85000,2056.2175,EN,Omnivore,533.0838812,0.937938695265881
Bdeogale omnivora,28493008653,8111.719916,Bdeogale,Herpestidae,Carnivora,2281.713333,1825,VU,Insectivore,28493.008653,0.284691589252226
Beatragus hunteri,10578252435,223.6067977,Beatragus,Bovidae,Cetartiodactyla,79132.17,2253.9745,CR,Herbivore,10578.252435,0.021138349559532
Bettongia gaimardi,29087370433,31622.7766,Bettongia,Potoroidae,Diprotodontia,1667.55,1442.15,NT,Herbivore,29087.370433,1.08716518988336
Bettongia lesueur,327757979,14500,Bettongia,Potoroidae,Diprotodontia,1447.27,1205.0795,NT,Omnivore,327.757979,44.2399603641686
Bettongia penicillata,4058272732,14696.93846,Bettongia,Potoroidae,Diprotodontia,1184.35,1517.6945,CR,Herbivore,4058.272732,3.62147628573919
Bettongia tropica,315835889.1,7071.067812,Bettongia,Potoroidae,Diprotodontia,1256.58,1008.6976,EN,Omnivore,315.8358891,22.3884240392996
Bison bison,140673000000,12149.38286,Bison,Bovidae,Cetartiodactyla,624577.1,4288.141667,NT,Herbivore,140673,0.086366131809231
Bos gaurus,1370090000000,11224.97216,Bos,Bovidae,Cetartiodactyla,721000,3285,VU,Herbivore,1370090,0.00819287211789
Bos javanicus,156360000000,5656.854249,Bos,Bovidae,Cetartiodactyla,635974.3,3285,EN,Herbivore,156360,0.036178397601688
Bos mutus,469488000000,8659.821014,Bos,Bovidae,Cetartiodactyla,650000,3650,VU,Herbivore,469488,0.018445244636711
Boselaphus tragocamelus,2289610000000,83666.00265,Boselaphus,Bovidae,Cetartiodactyla,182253,2944.82,LC,Herbivore,2289610,0.036541595577413
Brachyteles arachnoides,86274540597,871,Brachyteles,Atelidae,Primates,10537.31,7300,EN,Herbivore,86274.540597,0.010095678214835
Brachyteles hypoxanthus,96658196420,855,Brachyteles,Atelidae,Primates,13500,7300,CR,Herbivore,96658.19642,0.008845602666585
Bubalus depressicornis,101170000000,2500,Bubalus,Bovidae,Cetartiodactyla,256989.3,2920,EN,Herbivore,101170,0.024710882672729
Bubalus mindorensis,71861163.15,256.9046516,Bubalus,Bovidae,Cetartiodactyla,254389.7,3650,CR,Herbivore,71.86116315,3.57501382302633
Bubalus quarlesi,70025755616,50,Bubalus,Bovidae,Cetartiodactyla,181718.9,2920,EN,Herbivore,70025.755616,0.00071402299854
Burramys parvus,1197791204,2250,Burramys,Burramyidae,Diprotodontia,44.27,1529.35,CR,Omnivore,1197.791204,1.87845760804234
Caenolestes condorensis,78682885.9,1000,Caenolestes,Caenolestidae,Paucituberculata,47.81,998.6765636,VU,NotAssigned,78.6828859,12.7092440568451
Callicebus barbarabrownae,129709000000,260,Callicebus,Pitheciidae,Primates,1050,2920,CR,Omnivore,129709,0.00200448696698
Camelus ferus,202139000000,950,Camelus,Camelidae,Cetartiodactyla,268000,5840,CR,Herbivore,202139,0.004699736320057
Canis lupus,51172700000000,149816.5545,Canis,Canidae,Carnivora,31756.51,2883.256667,LC,Carnivore,51172700,0.002927665620536
Canis simensis,6131383047,197,Canis,Canidae,Carnivora,14361.86,1460,EN,Carnivore,6131.383047,0.032129781892585
Capra caucasica,11887331982,4898.979486,Capra,Bovidae,Cetartiodactyla,58149.52,2555,EN,Herbivore,11887.331982,0.412117663864197
Capra cylindricornis,22359335860,26153.39366,Capra,Bovidae,Cetartiodactyla,50000,2555,NT,Herbivore,22359.33586,1.16968562142257
Capra falconeri,18585938332,5754,Capra,Bovidae,Cetartiodactyla,54303.37,2555,NT,Herbivore,18585.938332,0.309588889041623
Capra ibex,2142098821,31420,Capra,Bovidae,Cetartiodactyla,69546.83,2958.933333,LC,Herbivore,2142.098821,14.6678573798627
Capra pyrenaica,52244381646,50000,Capra,Bovidae,Cetartiodactyla,60898.77,2471.76,LC,Herbivore,52244.381646,0.957040708009378
Capra sibirica,1562760000000,163766.4766,Capra,Bovidae,Cetartiodactyla,130000,2875.226667,LC,Herbivore,1562760,0.10479310745092
Capra walie,844923837.8,500,Capra,Bovidae,Cetartiodactyla,100144,1956.36625,EN,Herbivore,844.9238378,0.591769314145394
Capreolus capreolus,6440260000000,15000000,Capreolus,Cervidae,Cetartiodactyla,22502.01,2335.391667,LC,Herbivore,6440260,2.32909851465624
Capreolus pygargus,11998100000000,670000,Capreolus,Cervidae,Cetartiodactyla,41371.03,3063.8029,LC,Herbivore,11998100,0.055842175011044
Capricornis crispus,139676000000,100000,Capricornis,Bovidae,Cetartiodactyla,43030.64,3135.631967,LC,Herbivore,139676,0.715942610040379
Caprolagus hispidus,114548000000,146.73,Caprolagus,Leporidae,Lagomorpha,2496.99,1104.3199,EN,Herbivore,114548,0.001280947724971
Cavia intermedia,293728.9026,37.94733192,Cavia,Caviidae,Rodentia,566.7175,763.4281,CR,Herbivore,0.2937289026,129.191685203947
Cephalophus adersi,5017959115,14000,Cephalophus,Bovidae,Cetartiodactyla,9249.95,703.088,VU,Herbivore,5017.959115,2.78997888965462
Cephalophus callipygus,745835000000,255940,Cephalophus,Bovidae,Cetartiodactyla,19079.23,1936.42625,LC,Omnivore,745835,0.343159009700537
Cephalophus dorsalis,3569430000000,485750,Cephalophus,Bovidae,Cetartiodactyla,20000,2362.6281,NT,Omnivore,3569430,0.136086153811673
Cephalophus jentinki,59693100336,2000,Cephalophus,Bovidae,Cetartiodactyla,68489.54,1825,EN,Omnivore,59693.100336,0.033504709736007
Cephalophus leucogaster,1003260000000,192290,Cephalophus,Bovidae,Cetartiodactyla,13208.69,836.8205,NT,Omnivore,1003260,0.191665171540777
Cephalophus natalensis,897289000000,28140,Cephalophus,Bovidae,Cetartiodactyla,12724.51,1890.876667,LC,Omnivore,897289,0.031361133369516
Cephalophus niger,761615000000,67000,Cephalophus,Bovidae,Cetartiodactyla,19094.32,1571.426333,LC,Omnivore,761615,0.087970956454377
Cephalophus nigrifrons,3192000000000,201000,Cephalophus,Bovidae,Cetartiodactyla,14676.33,2407.975,LC,Omnivore,3192000,0.06296992481203
Cephalophus ogilbyi,437959000000,23450,Cephalophus,Bovidae,Cetartiodactyla,18386.42,1965.47,LC,Omnivore,437959,0.053543824878585
Cephalophus rufilatus,2928980000000,113900,Cephalophus,Bovidae,Cetartiodactyla,12114.57,1770.8773,LC,Omnivore,2928980,0.038887257680148
Cephalophus silvicultor,6159620000000,107200,Cephalophus,Bovidae,Cetartiodactyla,62006.6,2275.945333,NT,Omnivore,6159620,0.017403671005679
Cephalophus spadix,6572388586,1500,Cephalophus,Bovidae,Cetartiodactyla,56857.02,962.787,EN,Herbivore,6572.388586,0.228227527994188
Cephalophus weynsi,1484370000000,125960,Cephalophus,Bovidae,Cetartiodactyla,17000,2066.138333,LC,Omnivore,1484370,0.084857548993849
Cephalophus zebra,58893254838,9500,Cephalophus,Bovidae,Cetartiodactyla,15654.75,1825,VU,Omnivore,58893.254838,0.16130879548315
Ceratotherium simum,1220050000000,13513.9,Ceratotherium,Rhinocerotidae,Perissodactyla,2285939,6865.345833,NT,Herbivore,1220050,0.011076513257653
Cercopithecus dryas,1361544809,158.113883,Cercopithecus,Cercopithecidae,Primates,2784.06,3875.131454,CR,Herbivore,1361.544809,0.116128299233962
Cervus elaphus,3693150000000,1631785,Cervus,Cervidae,Cetartiodactyla,240867.1,5209.4516,LC,Herbivore,3693150,0.441840975860715
Chalinolobus neocaledonicus,16389214221,1005,Chalinolobus,Vespertilionidae,Chiroptera,10.17,2051.666208,EN,Insectivore,16389.214221,0.061320816632701
Chinchilla lanigera,24492796721,5350,Chinchilla,Chinchillidae,Rodentia,480.28,1825,EN,Herbivore,24492.796721,0.218431568307303
Choeropsis liberiensis,139545000000,2235.620719,Choeropsis,Hippopotamidae,Cetartiodactyla,227500,5062.938695,EN,Herbivore,139545,0.016020786979111
Chrysocyon brachyurus,4335910000000,17000,Chrysocyon,Canidae,Carnivora,23325,2032.3307,NT,Omnivore,4335910,0.003920745587431
Coleura seychellensis,227694579.8,70.71067812,Coleura,Emballonuridae,Chiroptera,10.64,788.4,CR,Insectivore,227.6945798,0.31055055496758
Conilurus penicillatus,16145231411,50000,Conilurus,Muridae,Rodentia,175.02,639.6318318,VU,Omnivore,16145.231411,3.09688964668132
Connochaetes gnou,403591000000,11158,Connochaetes,Bovidae,Cetartiodactyla,156547.5,2860.14,LC,Herbivore,403591,0.02764680084541
Connochaetes taurinus,3087760000000,1038500,Connochaetes,Bovidae,Cetartiodactyla,198619.7,2942.265,LC,Herbivore,3087760,0.336327952949711
Crocuta crocuta,14471900000000,23867.42759,Crocuta,Hyaenidae,Carnivora,63369.98,5054.41125,LC,Carnivore,14471900,0.001649225574389
Cryptoprocta ferox,442881000000,4767.547588,Cryptoprocta,Eupleridae,Carnivora,9500,2555,VU,Carnivore,442881,0.010764850124526
Cuon alpinus,3444020000000,1449.839646,Cuon,Canidae,Carnivora,15800,2041.808633,EN,Carnivore,3444020,0.000420973062293
Cynogale bennettii,1090110000000,2490,Cynogale,Viverridae,Carnivora,4246.57,1825,EN,Omnivore,1090110,0.002284173156837
Cynomys ludovicianus,1820820000000,7404840,Cynomys,Sciuridae,Rodentia,797.05,1567.7682,LC,Herbivore,1820820,4.06676112960095
Cynomys parvidens,8276422112,8000,Cynomys,Sciuridae,Rodentia,899.98,1567.7682,EN,Omnivore,8276.422112,0.966601254955421
Damaliscus lunatus,1840650000000,201000,Damaliscus,Bovidae,Cetartiodactyla,136000.3,2190,LC,Herbivore,1840650,0.109200554152066
Damaliscus pygargus,395524000000,161461.312,Damaliscus,Bovidae,Cetartiodactyla,77784.55,3053.358833,LC,Herbivore,395524,0.408221276079328
Dasycercus cristicauda,114851000000,18000,Dasycercus,Dasyuridae,Dasyuromorphia,99.54,1070.30375,NT,Carnivore,114851,0.156724799958207
Dasyuroides byrnei,71511183004,5000,Dasyuroides,Dasyuridae,Dasyuromorphia,109.47,1049.08055,VU,Carnivore,71511.183004,0.069919134182416
Dasyurus geoffroii,188680000000,13416.40786,Dasyurus,Dasyuridae,Dasyuromorphia,1106.62,910.7963,NT,Insectivore,188680,0.071106677231291
Dasyurus maculatus,464969000000,14000,Dasyurus,Dasyuridae,Dasyuromorphia,3284.15,917.4219,NT,Omnivore,464969,0.030109534183999
Dasyurus viverrinus,63883697020,10954.45115,Dasyurus,Dasyuridae,Dasyuromorphia,1101.49,1010.0935,EN,Omnivore,63883.69702,0.17147490926473
Dendrolagus lumholtzi,7383082321,17320.50808,Dendrolagus,Macropodidae,Diprotodontia,6649.97,3618.937877,NT,Herbivore,7383.082321,2.34597249860462
Dendrolagus matschiei,12712496437,2500,Dendrolagus,Macropodidae,Diprotodontia,8293.4,3401.503017,EN,Herbivore,12712.496437,0.196656888943048
Dicerorhinus sumatrensis,8510949889,245.9674775,Dicerorhinus,Rhinocerotidae,Perissodactyla,1046156,7300,CR,Herbivore,8510.949889,0.028900120516266
Diceros bicornis,5299790000000,3269.6,Diceros,Rhinocerotidae,Perissodactyla,995940.5,6205,CR,Herbivore,5299790,0.000616930104778
Diplogale hosei,100926000000,9500,Diplogale,Viverridae,Carnivora,1450,1825,VU,Insectivore,100926,0.094128371281929
Dipodomys gravipes,5681977342,7,Dipodomys,Heteromyidae,Rodentia,83.96,824.7267,CR,Omnivore,5681.977342,0.001231965489946
Dorcatragus megalotis,50718482349,7000,Dorcatragus,Bovidae,Cetartiodactyla,10918.12,1825,VU,Herbivore,50718.482349,0.138016748053149
Elaphodus cephalophus,1933560000000,259489.8842,Elaphodus,Cervidae,Cetartiodactyla,23087.87,2555,NT,Herbivore,1933560,0.13420317145576
Elephas maximus,598732000000,31193.5652,Elephas,Elephantidae,Proboscidea,3269794,8030,EN,Herbivore,598732,0.052099378686959
Enhydra lutris,2026050000000,84306.77,Enhydra,Mustelidae,Carnivora,27410.93,5475,EN,Insectivore,2026050,0.041611396559809
Equus africanus,67426856698,67.82329983,Equus,Equidae,Perissodactyla,250000,3041.701561,CR,Herbivore,67426.856698,0.001005879602749
Equus grevyi,90832523372,1956,Equus,Equidae,Perissodactyla,408000.3,2190,EN,Herbivore,90832.523372,0.021534136974146
Equus hemionus,348638000000,28000,Equus,Equidae,Perissodactyla,235248.1,1825,NT,Herbivore,348638,0.080312530475737
Equus kiang,1785560000000,64807.40698,Equus,Equidae,Perissodactyla,281138.6,3704.385,LC,Herbivore,1785560,0.036295283821322
Equus quagga,2314210000000,193649.1673,Equus,Equidae,Perissodactyla,400000,3659.125,NT,Herbivore,2314210,0.083678303740801
Eudorcas albonotata,128522000000,186260,Eudorcas,Bovidae,Cetartiodactyla,25000,1816.76125,LC,Herbivore,128522,1.44924604347894
Eudorcas rufifrons,2197970000000,8040,Eudorcas,Bovidae,Cetartiodactyla,26999.77,1825,VU,Herbivore,2197970,0.003657920717753
Eudorcas thomsonii,157282000000,368500,Eudorcas,Bovidae,Cetartiodactyla,22907.43,2190,NT,Herbivore,157282,2.34292544601417
Eulemur cinereiceps,1817018814,4867.55,Eulemur,Lemuridae,Primates,2250,3206.295944,CR,Herbivore,1817.018814,2.67886604282569
Eumops floridanus,999178865,3872.983346,Eumops,Molossidae,Chiroptera,38.47,1427.913317,VU,Insectivore,999.178865,3.87616620173406
Eupetaurus cinereus,32782559368,1160.474041,Eupetaurus,Sciuridae,Rodentia,2500,2015.755102,EN,Herbivore,32782.559368,0.035399128785923
Felis margarita,1897610000000,27264,Felis,Felidae,Carnivora,2823.36,1730.465,LC,Carnivore,1897610,0.014367546545391
Felis nigripes,1948150000000,9707,Felis,Felidae,Carnivora,1362.77,1685.3793,VU,Carnivore,1948150,0.004982675871981
Galidictis grandidieri,995714670.7,158.542887,Galidictis,Eupleridae,Carnivora,1400,1754.1,EN,Carnivore,995.7146707,0.159225219498415
Gazella arabica,217985000000,5916.079783,Gazella,Bovidae,Cetartiodactyla,24124.67,2137.174017,VU,Herbivore,217985,0.027139848076703
Gazella bennettii,2764530000000,59160.79783,Gazella,Bovidae,Cetartiodactyla,18916.67,2141.73375,LC,Herbivore,2764530,0.021399947850087
Gazella gazella,14514166906,2500,Gazella,Bovidae,Cetartiodactyla,21306.83,2190,EN,Herbivore,14514.166906,0.172245504422753
Gazella leptoceros,604286000000,424.2640687,Gazella,Bovidae,Cetartiodactyla,24645.75,1729.8227,EN,Herbivore,604286,0.000702091507498
Gazella subgutturosa,7107800000000,45365.18489,Gazella,Bovidae,Cetartiodactyla,26981.37,2496.146667,VU,Herbivore,7107800,0.006382450953882
Genetta bourloni,146865000000,9850,Genetta,Viverridae,Carnivora,1865.378167,2555,VU,Carnivore,146865,0.067068396146121
Genetta cristata,100907000000,7000,Genetta,Viverridae,Carnivora,1863.23,2555,VU,Carnivore,100907,0.069370806782483
Genetta piscivora,223601000000,10000,Genetta,Viverridae,Carnivora,1648.05,2423.6,NT,Insectivore,223601,0.044722519130058
Geocapromys ingrahami,8322722.96,8710,Geocapromys,Capromyidae,Rodentia,733.52,1153.4,VU,Herbivore,8.32272296,1046.53249205354
Giraffa camelopardalis,1821650000000,68293,Giraffa,Giraffidae,Cetartiodactyla,964654.7,5251.011667,VU,Herbivore,1821650,0.037489638514534
Gorilla beringei,47439345948,2600,Gorilla,Hominidae,Primates,149325.2,7300,CR,Herbivore,47439.345948,0.054806826444234
Gorilla gorilla,696517000000,214400,Gorilla,Hominidae,Primates,112589,8030,CR,Herbivore,696517,0.307817325348843
Gymnobelideus leadbeateri,3023861457,2500,Gymnobelideus,Petauridae,Diprotodontia,137.32,1587.5675,CR,Omnivore,3023.861457,0.826757454185838
Hapalemur alaotrensis,216327761.7,1675,Hapalemur,Lemuridae,Primates,1616.83,3285,CR,Herbivore,216.3277617,7.74288046451876
Hippocamelus antisensis,424713000000,4891.983238,Hippocamelus,Cervidae,Cetartiodactyla,68599.35,1459.26,VU,Herbivore,424713,0.011518327053799
Hippocamelus bisulcus,127327000000,1253.794241,Hippocamelus,Cervidae,Cetartiodactyla,69240.81,2617.55,EN,Herbivore,127327,0.009847041405201
Hippopotamus amphibius,1233080000000,81921.02905,Hippopotamus,Hippopotamidae,Cetartiodactyla,1536310,3650,VU,Herbivore,1233080,0.066436102321017
Hipposideros halophyllus,23215652569,4999.749994,Hipposideros,Hipposideridae,Chiroptera,4,1834.2256,VU,Insectivore,23215.652569,0.215361165452493
Hipposideros hypophyllus,6665217938,173.2050808,Hipposideros,Hipposideridae,Chiroptera,21.81,1834.2256,CR,Insectivore,6665.217938,0.025986409208395
Hipposideros inornatus,6625210176,547.4486277,Hipposideros,Hipposideridae,Chiroptera,25.9,1834.2256,VU,Insectivore,6625.210176,0.082631133678317
Hippotragus equinus,5571100000000,54772.25575,Hippotragus,Bovidae,Cetartiodactyla,264174,3070.224367,LC,Herbivore,5571100,0.009831497504981
Hippotragus niger,3013920000000,54772.25575,Hippotragus,Bovidae,Cetartiodactyla,236405.9,3053.3552,LC,Herbivore,3013920,0.018173095420582
Hoolock leuconedys,281215000000,15216.57472,Hoolock,Hylobatidae,Primates,6709.768933,5418.846154,VU,Omnivore,281215,0.05411011048486
Hyaena hyaena,23460500000000,7070.71425,Hyaena,Hyaenidae,Carnivora,35070.51,3351.042633,NT,Omnivore,23460500,0.000301388045864
Hyemoschus aquaticus,2448580000000,186260,Hyemoschus,Tragulidae,Cetartiodactyla,10850,1930.0898,LC,Herbivore,2448580,0.076068578523062
Hylobates klossii,6004480274,22360.67977,Hylobates,Hylobatidae,Primates,5822.29,5475,EN,Omnivore,6004.480274,3.72399920553057
Hylobates moloch,39231970780,4472.135955,Hylobates,Hylobatidae,Primates,5860.81,5370.714286,EN,Herbivore,39231.97078,0.113992131062655
Hylobates pileatus,121613000000,47000,Hylobates,Hylobatidae,Primates,5542.37,5475,EN,Omnivore,121613,0.38647184100384
Hypogeomys antimena,333319306.4,36000,Hypogeomys,Nesomyidae,Rodentia,1175.93,2006.8029,EN,Omnivore,333.3193064,108.004544917654
Indri indri,30053451170,2118.726032,Indri,Indriidae,Primates,8565.48,4015,CR,Herbivore,30053.45117,0.07049859332345
Isoodon auratus,20997770224,30000,Isoodon,Peramelidae,Peramelemorphia,425,683.31225,VU,Insectivore,20997.770224,1.42872313012125
Isoodon obesulus,203133000000,31622.7766,Isoodon,Peramelidae,Peramelemorphia,824.76,683.31225,LC,Insectivore,203133,0.155675230513998
Kobus ellipsiprymnus,8949700000000,134000,Kobus,Bovidae,Cetartiodactyla,204393.5,3821.3904,LC,Herbivore,8949700,0.014972568912925
Kobus kob,2985580000000,707106.7812,Kobus,Bovidae,Cetartiodactyla,80035.21,2600.267433,LC,Herbivore,2985580,0.236840674575794
Kobus leche,188733000000,106362.5,Kobus,Bovidae,Cetartiodactyla,88645.04,2660.837833,NT,Herbivore,188733,0.563560691558975
Kobus vardonii,338175000000,87100,Kobus,Bovidae,Cetartiodactyla,71462.72,2555,NT,Herbivore,338175,0.257558956161751
Lagorchestes hirsutus,89120006.05,4000,Lagorchestes,Macropodidae,Diprotodontia,1407.14,1100.21785,VU,Herbivore,89.12000605,44.8833003641835
Lagostrophus fasciatus,89119995.96,4242.640687,Lagostrophus,Macropodidae,Diprotodontia,1933.48,2311.607416,VU,Herbivore,89.11999596,47.6059344628364
Lama guanicoe,1658710000000,1224744.871,Lama,Camelidae,Cetartiodactyla,120000,4064.145,LC,Herbivore,1658710,0.738371910098812
Lasiorhinus krefftii,91214678,80,Lasiorhinus,Vombatidae,Diprotodontia,31849.99,3354.315,CR,Herbivore,91.214678,0.877051827119315
Lasiorhinus latifrons,68207885965,180000,Lasiorhinus,Vombatidae,Diprotodontia,26163.8,3354.315,NT,Herbivore,68207.885965,2.63899104118789
Leontopithecus caissara,334964064.2,200,Leontopithecus,Callitrichidae,Primates,604.01,3078.3735,CR,Omnivore,334.9640642,0.59707897465856
Leontopithecus chrysomelas,20189922609,6356.178097,Leontopithecus,Callitrichidae,Primates,572.8,2555,EN,Omnivore,20189.922609,0.314819339335487
Leontopithecus chrysopygus,63670785054,1000,Leontopithecus,Callitrichidae,Primates,656.12,3078.3735,EN,Omnivore,63670.785054,0.015705790326786
Leontopithecus rosalia,3990551968,1000,Leontopithecus,Callitrichidae,Primates,592.52,3601.747,EN,Omnivore,3990.551968,0.250591900072707
Leopardus guigna,317792000000,23467.21458,Leopardus,Felidae,Carnivora,2200,2190,VU,Carnivore,317792,0.073844573117007
Leopardus jacobita,612428000000,1378,Leopardus,Felidae,Carnivora,8133.78,1392.97,EN,Carnivore,612428,0.002250060415265
Leopardus tigrinus,9389950000000,9548.709651,Leopardus,Felidae,Carnivora,2250,2190,VU,Carnivore,9389950,0.001016907401104
Lepilemur jamesorum,64437330.22,928.62,Lepilemur,Lepilemuridae,Primates,726.98875,1637.770967,CR,Herbivore,64.43733022,14.4112115885238
Lepilemur septentrionalis,141553444.7,7.071067812,Lepilemur,Lepilemuridae,Primates,755.77,1637.770967,CR,Herbivore,141.5534447,0.049953343254811
Leporillus conditor,4713391.849,3464.101615,Leporillus,Muridae,Rodentia,328.82,786.86995,NT,Herbivore,4.713391849,734.948785498271
Liberiictis kuhni,74349715349,5200,Liberiictis,Herpestidae,Carnivora,1825.47,1825,VU,Insectivore,74349.715349,0.069939743220146
Litocranius walleri,1418360000000,63650,Litocranius,Bovidae,Cetartiodactyla,38804.37,2555,NT,Herbivore,1418360,0.044875772018388
Lonchophylla dekeyseri,28619179111,600,Lonchophylla,Phyllostomidae,Chiroptera,14.12333333,2064.27635,EN,Omnivore,28619.179111,0.020964961911482
Lonchorhina fernandezi,105608000000,150,Lonchorhina,Phyllostomidae,Chiroptera,14.03,2064.27635,EN,Insectivore,105608,0.001420346943413
Loxodonta africana,2110670000000,362927.945,Loxodonta,Elephantidae,Proboscidea,3824540,9125,VU,Herbivore,2110670,0.171949165430882
Lycaon pictus,1272640000000,1409,Lycaon,Canidae,Carnivora,21999.99,2034.717,EN,Carnivore,1272640,0.001107147347247
Lynx pardinus,1191691674,156,Lynx,Felidae,Carnivora,11050,1578.34,EN,Carnivore,1191.691674,0.13090634381658
Macaca cyclopis,24554558988,6700,Macaca,Cercopithecidae,Primates,5748.94,4572.989586,LC,Omnivore,24554.558988,0.272861752608725
Macaca maura,4790632010,2500,Macaca,Cercopithecidae,Primates,7290.3,4015,EN,Omnivore,4790.63201,0.521851813034581
Macaca pagensis,2140852623,1867.606222,Macaca,Cercopithecidae,Primates,4534.66,4745,CR,Herbivore,2140.852623,0.872365618228733
Macaca siberu,3863627650,15130.73032,Macaca,Cercopithecidae,Primates,7500,4745,VU,Herbivore,3863.62765,3.91619785617799
Macaca sylvanus,41517443291,10050,Macaca,Cercopithecidae,Primates,11471.53,2920,EN,Herbivore,41517.443291,0.242066929063009
Macroderma gigas,1078950000000,7937.253933,Macroderma,Megadermatidae,Chiroptera,124.37,1985.8012,VU,Carnivore,1078950,0.007356461312387
Macrogalidia musschenbroekii,34097051976,9000,Macrogalidia,Viverridae,Carnivora,5148.86,1825,VU,Omnivore,34097.051976,0.263952438068102
Macropus eugenii,14879405466,22360.67977,Macropus,Macropodidae,Diprotodontia,5278.48,1766.8702,LC,Herbivore,14879.405466,1.50279390000461
Macropus giganteus,2231130000000,9475.230868,Macropus,Macropodidae,Diprotodontia,33409.89,3170.271,LC,Herbivore,2231130,0.004246830470658
Macropus irma,152879000000,22360.67977,Macropus,Macropodidae,Diprotodontia,8000,1703.78485,LC,Herbivore,152879,0.146263906553549
Macrotis lagotis,1077480000000,9000,Macrotis,Thylacomyidae,Peramelemorphia,1229.58,1183.8648,VU,Herbivore,1077480,0.00835282325426
Madoqua guentheri,1270990000000,342370,Madoqua,Bovidae,Cetartiodactyla,4623.7,1931.482667,LC,Herbivore,1270990,0.269372693726937
Madoqua kirkii,1336500000000,650570,Madoqua,Bovidae,Cetartiodactyla,4833.4,2131.079367,LC,Herbivore,1336500,0.486771417882529
Madoqua piacentinii,56979348469,20100,Madoqua,Bovidae,Cetartiodactyla,2500,2031.281017,DD,Herbivore,56979.348469,0.352759386340396
Madoqua saltiana,1098770000000,325352,Madoqua,Bovidae,Cetartiodactyla,3424.47,2031.281017,LC,Herbivore,1098770,0.296105645403497
Marmota caudata,547910000000,402000,Marmota,Sciuridae,Rodentia,4350,1976.82975,LC,Herbivore,547910,0.733697140041248
Marmota menzbieri,2790427220,14740,Marmota,Sciuridae,Rodentia,3250,2257.9474,VU,Herbivore,2790.42722,5.28234526037916
Marmota olympus,5368556618,2828.427125,Marmota,Sciuridae,Rodentia,6299.99,1976.82975,LC,Herbivore,5368.556618,0.526850571998568
Marmota vancouverensis,2075021211,90,Marmota,Sciuridae,Rodentia,5232.43,2190,CR,Herbivore,2075.021211,0.043373050609264
Martes flavigula,6697900000000,1000,Martes,Mustelidae,Carnivora,2504.64,2642.060567,LC,Omnivore,6697900,0.000149300527031
Martes gwatkinsii,30613026308,1000,Martes,Mustelidae,Carnivora,2038.49,1470.1,VU,Omnivore,30613.026308,0.032665832836614
Mastacomys fuscus,62933066191,44721.35955,Mastacomys,Muridae,Rodentia,125.72,639.6318318,NT,Herbivore,62933.066191,0.710617839821629
Mazama bororo,19498633079,8500,Mazama,Cervidae,Cetartiodactyla,18335.81714,2145.09375,VU,Herbivore,19498.633079,0.435927993801498
Mesembriomys gouldii,237211000000,30000,Mesembriomys,Muridae,Rodentia,716.49,712.22605,VU,Omnivore,237211,0.126469683109131
Mesocapromys auritus,83012682.72,889.9438185,Mesocapromys,Capromyidae,Rodentia,1533.200179,2954.623511,EN,Omnivore,83.01268272,10.720576535296
Microcebus berthae,546444861.9,8000,Microcebus,Cheirogaleidae,Primates,33.45,2053.5145,EN,Omnivore,546.4448619,14.6400864163748
Microtus abbreviatus,329121431.2,311905.6497,Microtus,Cricetidae,Rodentia,66.06,373.6238021,LC,Herbivore,329.1214312,947.691703219599
Microtus breweri,1894926.904,3669.741135,Microtus,Cricetidae,Rodentia,54,373.6238021,VU,Herbivore,1.894926904,1936.61355868321
Microtus tatricus,18330893341,149816.5545,Microtus,Cricetidae,Rodentia,40,373.6238021,LC,Herbivore,18330.893341,8.17289979888275
Mirza zaza,9803193031,36259.01095,Mirza,Cheirogaleidae,Primates,326.5,1825,EN,Insectivore,9803.193031,3.69869396994841
Muntiacus crinifrons,113890000000,5168.128288,Muntiacus,Cervidae,Cetartiodactyla,18590.01,2190,VU,Herbivore,113890,0.045378244692247
Mustela felipei,57459898351,1350,Mustela,Mustelidae,Carnivora,211.3,1939.368333,VU,Carnivore,57459.898351,0.023494646505523
Myotis grisescens,853016000000,1340000,Myotis,Vespertilionidae,Chiroptera,10.84,3469.92725,NT,Insectivore,853016,1.57089667720183
Myotis planiceps,12295177042,240,Myotis,Vespertilionidae,Chiroptera,9.597169811,2106.628504,EN,Insectivore,12295.177042,0.0195198490579
Myrmecobius fasciatus,1128010369,800,Myrmecobius,Myrmecobiidae,Dasyuromorphia,511.44,886.2761,EN,Insectivore,1128.010369,0.709213338800435
Myzopoda aurita,107290000000,115244.818,Myzopoda,Myzopodidae,Chiroptera,9.1,2070.531028,LC,Insectivore,107290,1.07414314474788
Myzopoda schliemanni,36338985638,90958.32777,Myzopoda,Myzopodidae,Chiroptera,9.1,2070.531028,LC,Insectivore,36338.985638,2.50305081919744
Nanger dama,204792000000,141.4213562,Nanger,Bovidae,Cetartiodactyla,71424.81,2171.91595,CR,Herbivore,204792,0.000690560940857
Nanger soemmerringii,290635000000,4472.135955,Nanger,Bovidae,Cetartiodactyla,41582.93,2555,VU,Herbivore,290635,0.015387465222702
Neofelis diardi,510006000000,4500,Neofelis,Felidae,Carnivora,22500,2664.41,VU,Carnivore,510006,0.008823425606758
Neotragus batesi,802403000000,146730,Neotragus,Bovidae,Cetartiodactyla,2967.45,1741.05,LC,Herbivore,802403,0.18286322458914
Neotragus pygmaeus,443522000000,41540,Neotragus,Bovidae,Cetartiodactyla,3913.68,1560.5875,LC,Herbivore,443522,0.093659390064078
Nesotragus moschatus,1370660000000,244550,Nesotragus,Bovidae,Cetartiodactyla,6499,1778.035983,LC,Herbivore,1370660,0.178417696584127
Nilgiritragus hylocrius,2096836645,1271.235619,Nilgiritragus,Bovidae,Cetartiodactyla,75000,2302.780267,EN,Herbivore,2096.836645,0.6062635456278
Nomascus concolor,26325601174,1080.342538,Nomascus,Hylobatidae,Primates,6410.47,5475,CR,Herbivore,26325.601174,0.041037715752793
Nomascus hainanus,164971896.1,17.32050808,Nomascus,Hylobatidae,Primates,7790,5475,CR,Herbivore,164.9718961,0.104990658951395
Nomascus nasutus,8311901799,45.98912915,Nomascus,Hylobatidae,Primates,7124.094,5475,CR,Herbivore,8311.901799,0.005532924986618
Notomys aquilo,2283392177,10000,Notomys,Muridae,Rodentia,38.99,688.06545,EN,Herbivore,2283.392177,4.37944918123454
Notomys cervinus,83793865311,19068.53429,Notomys,Muridae,Rodentia,34.79,688.06545,NT,Herbivore,83793.865311,0.227564801065416
Notoryctes typhlops,921390000000,31622.7766,Notoryctes,Notoryctidae,Notoryctemorphia,55,998.6765636,LC,Insectivore,921390,0.034320729115793
Nyctalus azoreum,2237333258,234.520788,Nyctalus,Vespertilionidae,Chiroptera,28.97666667,1825,VU,Insectivore,2237.333258,0.104821571467472
Nyctalus lasiopterus,2917520000000,99.99499987,Nyctalus,Vespertilionidae,Chiroptera,45.98,1677.175,VU,Insectivore,2917520,3.42739723703694E-05
Ochotona iliensis,32973374178,670,Ochotona,Ochotonidae,Lagomorpha,165,751.47417,EN,Herbivore,32973.374178,0.020319424890615
Okapia johnstoni,264220000000,28028.11089,Okapia,Giraffidae,Cetartiodactyla,230001.1,4764.235717,EN,Herbivore,264220,0.106078687798047
Onychogalea fraenata,848876560.8,938.083152,Onychogalea,Macropodidae,Diprotodontia,4952.05,834.8625,VU,Herbivore,848.8765608,1.10508782468435
Oreamnos americanus,801852000000,65372.22652,Oreamnos,Bovidae,Cetartiodactyla,72105.4,2864.106333,LC,Herbivore,801852,0.081526549188628
Oreotragus oreotragus,5218050000000,28140,Oreotragus,Bovidae,Cetartiodactyla,13486.55,2700.0653,LC,Herbivore,5218050,0.005392819156581
Ornithorhynchus anatinus,900540000000,68872.47,Ornithorhynchus,Ornithorhynchidae,Monotremata,1484.25,2878.755,NT,Insectivore,900540,0.076479079219135
Oryx beisa,1048620000000,11958.26074,Oryx,Bovidae,Cetartiodactyla,200576.5,2555,NT,Herbivore,1048620,0.011403807613816
Oryx gazella,1766030000000,249910,Oryx,Bovidae,Cetartiodactyla,188404.5,2866.554367,LC,Herbivore,1766030,0.141509487381302
Oryx leucoryx,20909945222,850,Oryx,Bovidae,Cetartiodactyla,75788.24,2663.526667,VU,Herbivore,20909.945222,0.040650512996356
Otocolobus manul,2321210000000,15315,Otocolobus,Felidae,Carnivora,3500,2036.1475,NT,Carnivore,2321210,0.006597851982371
Ourebia ourebi,7496160000000,502500,Ourebia,Bovidae,Cetartiodactyla,17186.09,2156.849633,LC,Herbivore,7496160,0.067034321572645
Ovibos moschatus,1591570000000,135405.6919,Ovibos,Bovidae,Cetartiodactyla,312500,3567.388333,LC,Herbivore,1591570,0.085076805858366
Ovis ammon,3583610000000,62435.0852,Ovis,Bovidae,Cetartiodactyla,113998.7,2920,NT,Herbivore,3583610,0.017422399535664
Ovis dalli,816225000000,76361.63156,Ovis,Bovidae,Cetartiodactyla,70194.13,2338.92,LC,Herbivore,816225,0.093554634518668
Ovis nivicola,1369350000000,60206.87253,Ovis,Bovidae,Cetartiodactyla,90000,2631.140556,LC,Herbivore,1369350,0.043967482769197
Ozotoceros bezoarticus,468421000000,26800,Ozotoceros,Cervidae,Cetartiodactyla,34620.4,2846.6847,NT,Herbivore,468421,0.057213489574549
Pan troglodytes,2314280000000,269794.6163,Pan,Hominidae,Primates,45000,7300,EN,Herbivore,2314280,0.116578208470885
Panthera leo,1690500000000,21440,Panthera,Felidae,Carnivora,158623.9,2190,VU,Carnivore,1690500,0.0126826382727
Panthera onca,9026160000000,42880,Panthera,Felidae,Carnivora,83943.09,3581.681317,NT,Carnivore,9026160,0.004750635929343
Panthera tigris,704329000000,2608.540972,Panthera,Felidae,Carnivora,161914.7,2920,EN,Carnivore,704329,0.003703583086881
Panthera uncia,3006500000000,5000,Panthera,Felidae,Carnivora,41000,2920,VU,Carnivore,3006500,0.001663063362714
Pantholops hodgsonii,1091080000000,150000,Pantholops,Bovidae,Cetartiodactyla,32733.12,2190,NT,Herbivore,1091080,0.137478461707666
Parantechinus apicalis,2721886227,700,Parantechinus,Dasyuridae,Dasyuromorphia,71.31,753.931,EN,Insectivore,2721.886227,0.257174599384899
Pelea capreolus,557078000000,12060,Pelea,Bovidae,Cetartiodactyla,22731.33,1787.9305,NT,Herbivore,557078,0.021648673973842
Pentalagus furnessi,370201150.1,3350,Pentalagus,Leporidae,Lagomorpha,2253.25,1104.3199,EN,Herbivore,370.2011501,9.04913450186496
Perameles bougainville,89120006.05,2236.067977,Perameles,Peramelidae,Peramelemorphia,230.8,726.0055,VU,Omnivore,89.12000605,25.0905276616058
Perameles gunnii,31989708265,25148.67,Perameles,Peramelidae,Peramelemorphia,903.46,706.1569,VU,Omnivore,31989.708265,0.786148776089815
Peromyscus mekisturus,98566041.4,7.071067812,Peromyscus,Cricetidae,Rodentia,59.99,635.2804944,CR,Omnivore,98.5660414,0.071739391291005
Petauroides volans,633491000000,158113.883,Petauroides,Pseudocheiridae,Diprotodontia,1257.17,2106.05,VU,Herbivore,633491,0.249591364360346
Petaurus australis,231711000000,158113.883,Petaurus,Petauridae,Diprotodontia,567.15,2158.975,NT,Omnivore,231711,0.682375385717553
Petrogale concinna,82698687669,7071.067812,Petrogale,Macropodidae,Diprotodontia,1398.2,1880.16,EN,Herbivore,82698.687669,0.08550399058691
Petrogale godmani,36293793794,10000,Petrogale,Macropodidae,Diprotodontia,4750,1866.5067,NT,Herbivore,36293.793794,0.27552920085343
Petrogale lateralis,112824000000,8000,Petrogale,Macropodidae,Diprotodontia,4567.88,1866.5067,VU,Herbivore,112824,0.070906899241296
Petrogale mareeba,19944213275,10000,Petrogale,Macropodidae,Diprotodontia,4644.155385,1866.5067,NT,Herbivore,19944.213275,0.501398569204781
Petrogale penicillata,101650000000,20000,Petrogale,Macropodidae,Diprotodontia,6931.6,1965.66275,VU,Herbivore,101650,0.196753566158387
Phalanger matanim,153144784,40,Phalanger,Phalangeridae,Diprotodontia,1442.38,2000.363913,CR,Omnivore,153.144784,0.261190743525421
Phascogale tapoatafa,272011000000,15000,Phascogale,Dasyuridae,Dasyuromorphia,192.65,878.35415,NT,Omnivore,272011,0.055144828701781
Phascolarctos cinereus,1084790000000,300000,Phascolarctos,Phascolarctidae,Diprotodontia,6528.74,2746.4425,VU,Herbivore,1084790,0.276551221895482
Philantomba maxwellii,872151000000,1431790,Philantomba,Bovidae,Cetartiodactyla,8557.69,2287.576667,LC,Omnivore,872151,1.64167672799779
Phyllonycteris aphylla,215185973.1,250,Phyllonycteris,Phyllostomidae,Chiroptera,14.15,2064.27635,CR,Herbivore,215.1859731,1.16178576325615
Pipistrellus maderensis,4203792491,31.60696126,Pipistrellus,Vespertilionidae,Chiroptera,5.93375,1885.946275,VU,Insectivore,4203.792491,0.007518677795745
Poiana leightoni,48683294161,8185.352772,Poiana,Viverridae,Carnivora,570.08,1095,VU,Omnivore,48683.294161,0.168134735191302
Pongo abelii,17958800915,9276.82,Pongo,Hominidae,Primates,39696.12,9125,CR,Omnivore,17958.800915,0.51656121385318
Pongo pygmaeus,226359000000,70149,Pongo,Hominidae,Primates,53408.29,7300,CR,Omnivore,226359,0.309901528103588
Porcula salvania,881678591.6,316.227766,Porcula,Suidae,Cetartiodactyla,9200,1589.266667,CR,Omnivore,881.6785916,0.358665582915124
Potorous gilbertii,17101347.43,49,Potorous,Potoroidae,Diprotodontia,1569.46,1840.71085,CR,Herbivore,17.10134743,2.86527130102286
Potorous longipes,4229451700,3000,Potorous,Potoroidae,Diprotodontia,1835.06,1995.4701,VU,Omnivore,4229.4517,0.709311800392472
Potorous tridactylus,125035000000,75000,Potorous,Potoroidae,Diprotodontia,1054.67,1685.9516,NT,Omnivore,125035,0.599832047026832
Presbytis chrysomelas,39860908889,236.8807717,Presbytis,Cercopithecidae,Primates,6630,3650,CR,Herbivore,39860.908889,0.005942683654295
Presbytis potenziani,6004480274,24120,Presbytis,Cercopithecidae,Primates,6449.53,4745,EN,Herbivore,6004.480274,4.01700045621634
Prionailurus planiceps,150962000000,2499,Prionailurus,Felidae,Carnivora,3533.76,2190,EN,Carnivore,150962,0.016553834739868
Procapra gutturosa,715734000000,866025.4038,Procapra,Bovidae,Cetartiodactyla,28274.27,1793.275567,LC,Herbivore,715734,1.20998220540033
Procapra picticaudata,2394540000000,100000,Procapra,Bovidae,Cetartiodactyla,23197.67,2268.94875,NT,Herbivore,2394540,0.0417616744761
Procapra przewalskii,1076301041,984.2845016,Procapra,Bovidae,Cetartiodactyla,27499.99,2667.1385,EN,Herbivore,1076.301041,0.914506689211685
Procyon pygmaeus,488353606.6,329.94545,Procyon,Procyonidae,Carnivora,2958.03,1604.369167,CR,Omnivore,488.3536066,0.675628162751036
Propithecus coquereli,30814266154,134000,Propithecus,Indriidae,Primates,4189.27,3650,EN,Herbivore,30814.266154,4.3486351201846
Propithecus perrieri,62300353.8,15.8113883,Propithecus,Indriidae,Primates,6500,3597.596429,CR,Herbivore,62.3003538,0.253792913452122
Propithecus tattersalli,1721741026,5189.797684,Propithecus,Indriidae,Primates,3531.39,3283.175,CR,Herbivore,1721.741026,3.01427311403335
Pseudantechinus bilarni,134278000000,16849.6089,Pseudantechinus,Dasyuridae,Dasyuromorphia,23.05,678.278925,LC,Insectivore,134278,0.125483019556443
Pseudantechinus mimulus,3092032027,70.71067812,Pseudantechinus,Dasyuridae,Dasyuromorphia,17,678.278925,NT,Insectivore,3092.032027,0.022868675842471
Pseudochirulus cinereus,895813812.1,36628.41501,Pseudochirulus,Pseudocheiridae,Diprotodontia,977.48,1217.0925,NT,Herbivore,895.8138121,40.8884240399624
Pseudois nayaur,2858790000000,139491.9353,Pseudois,Bovidae,Cetartiodactyla,52334.57,2949.321667,LC,Herbivore,2858790,0.048794047586566
Pseudomys australis,199919000000,10000,Pseudomys,Muridae,Rodentia,52.97,884.68295,VU,Omnivore,199919,0.050020258204573
Pseudomys calabyi,20211851532,15000,Pseudomys,Muridae,Rodentia,13,884.68295,VU,Omnivore,20211.851532,0.742138837515779
Pseudomys fieldi,42017826.84,10000,Pseudomys,Muridae,Rodentia,42.35,884.68295,VU,Omnivore,42.01782684,237.994221787792
Pseudomys fumeus,16696341750,70.71067812,Pseudomys,Muridae,Rodentia,68.75,884.68295,VU,Herbivore,16696.34175,0.004235100070349
Pseudomys novaehollandiae,89951884365,8000,Pseudomys,Muridae,Rodentia,16.8,884.68295,VU,Omnivore,89951.884365,0.088936435923212
Pseudomys oralis,26516215396,5000,Pseudomys,Muridae,Rodentia,95,884.68295,VU,Omnivore,26516.215396,0.188563862728097
Pseudomys shortridgei,31488722396,11000,Pseudomys,Muridae,Rodentia,72.06,884.68295,NT,Omnivore,31488.722396,0.349331416551766
Pseudoryx nghetinhensis,13994985689,55.3341,Pseudoryx,Bovidae,Cetartiodactyla,97842.2,2287.540787,CR,Herbivore,13994.985689,0.003953851845915
Pteralopex taki,3316801124,547.7225575,Pteralopex,Pteropodidae,Chiroptera,452.2333333,2349.856741,VU,Herbivore,3316.801124,0.165135785060111
Pteropus aldabrensis,158455861.3,268,Pteropus,Pteropodidae,Chiroptera,310.29,2945.918407,VU,Herbivore,158.4558613,1.69132273051486
Pteropus dasymallus,2890665620,4242.640687,Pteropus,Pteropodidae,Chiroptera,491.86,1825,VU,Herbivore,2890.66562,1.46770372112427
Pteropus livingstonii,265681962.5,871,Pteropus,Pteropodidae,Chiroptera,734.27,2945.918407,CR,Herbivore,265.6819625,3.27835578977252
Pteropus mariannus,1025735439,6732.749958,Pteropus,Pteropodidae,Chiroptera,458.58,2945.918407,EN,Herbivore,1025.735439,6.56382698892009
Pteropus niger,8827277227,37700,Pteropus,Pteropodidae,Chiroptera,474.43,2945.918407,VU,Herbivore,8827.277227,4.27085261179823
Pteropus pselaphon,71810163.99,223.6067977,Pteropus,Pteropodidae,Chiroptera,452.5545,2945.918407,EN,Herbivore,71.81016399,3.1138600063793
Pteropus rodricensis,110931389.4,20000,Pteropus,Pteropodidae,Chiroptera,256.17,3833.0013,EN,Herbivore,110.9313894,180.291620867412
Pteropus rufus,185368000000,300000,Pteropus,Pteropodidae,Chiroptera,452.5545,2190,VU,Herbivore,185368,1.61840231323637
Pteropus seychellensis,2730910089,6700,Pteropus,Pteropodidae,Chiroptera,492.2,2945.918407,LC,Herbivore,2730.910089,2.45339457603798
Pygathrix cinerea,24681134704,415.7240671,Pygathrix,Cercopithecidae,Primates,10050,4015,CR,Herbivore,24681.134704,0.0168437987996
Rangifer tarandus,18660800000000,1936574.7,Rangifer,Cervidae,Cetartiodactyla,109088.5,1825,VU,Herbivore,18660800,0.103777689059419
Raphicerus melanotis,160974000000,155070.16,Raphicerus,Bovidae,Cetartiodactyla,10503.14,1856.78,LC,Herbivore,160974,0.963324263545666
Raphicerus sharpei,2462570000000,63650,Raphicerus,Bovidae,Cetartiodactyla,9396.9,1742.47,LC,Herbivore,2462570,0.025846980999525
Redunca arundinum,4763440000000,48910,Redunca,Bovidae,Cetartiodactyla,58059.24,2293.051667,LC,Herbivore,4763440,0.010267789664612
Reithrodontomys spectabilis,488275018.3,101.84,Reithrodontomys,Cricetidae,Rodentia,20.19,202.795,CR,Herbivore,488.2750183,0.208570981891662
Rhinoceros sondaicus,246042298.3,55.09990926,Rhinoceros,Rhinocerotidae,Perissodactyla,1750000,5400.53,CR,Herbivore,246.0422983,0.223944864930568
Rhinoceros unicornis,2240433556,1725.25,Rhinoceros,Rhinocerotidae,Perissodactyla,1843656,6851.989367,VU,Herbivore,2240.433556,0.77005184794688
Rhynchocyon chrysopygus,3574330274,13000,Rhynchocyon,Macroscelididae,Macroscelidea,535.2,850.77085,EN,Insectivore,3574.330274,3.63704498561959
Rhynchocyon udzungwensis,320401942.4,12712.35619,Rhynchocyon,Macroscelididae,Macroscelidea,711,850.77085,VU,Carnivore,320.4019424,39.6762769126084
Romerolagus diazi,452983991.8,3671.780944,Romerolagus,Leporidae,Lagomorpha,465.58,969.8600667,EN,Herbivore,452.9839918,8.10576314056845
Rucervus duvaucelii,34612849540,2830.700443,Rucervus,Cervidae,Cetartiodactyla,171223.9,2920,VU,Herbivore,34612.84954,0.081781779906007
Rucervus eldii,83737125751,4690,Rucervus,Cervidae,Cetartiodactyla,95471.61,1825,EN,Herbivore,83737.125751,0.056008609776578
Rungwecebus kipunji,71060573.69,748.39,Rungwecebus,Cercopithecidae,Primates,13,4061.723281,CR,Herbivore,71.06057369,10.5317190832828
Rupicapra pyrenaica,15121542471,50000,Rupicapra,Bovidae,Cetartiodactyla,29999.99,2437.9015,LC,Herbivore,15121.542471,3.30654098918081
Rupicapra rupicapra,276838000000,455000,Rupicapra,Bovidae,Cetartiodactyla,33266.35,3650,LC,Herbivore,276838,1.64356049386284
Rusa alfredi,1689089831,700,Rusa,Cervidae,Cetartiodactyla,46475.04,2555.9125,EN,Herbivore,1689.089831,0.414424376461716
Rusa timorensis,11319645285,9999,Rusa,Cervidae,Cetartiodactyla,66375.5,1825,VU,Herbivore,11319.645285,0.883331566338918
Saguinus oedipus,52110711301,2000,Saguinus,Callitrichidae,Primates,462.04,2190,CR,Omnivore,52110.711301,0.03837982537693
Saiga tatarica,765809000000,18000,Saiga,Bovidae,Cetartiodactyla,37734.01,1700.19755,CR,Herbivore,765809,0.023504555313401
Saimiri oerstedii,7301992558,1024.902922,Saimiri,Cebidae,Primates,714.18,3354.65875,VU,Omnivore,7301.992558,0.140359349021402
Santamartamys rufodorsalis,89522853.68,7.071067812,Santamartamys,Echimyidae,Rodentia,148,739.0095889,CR,Herbivore,89.52285368,0.078986175276266
Sarcophilus harrisii,64284134693,15811.3883,Sarcophilus,Dasyuridae,Dasyuromorphia,8202.25,1704.2151,EN,Carnivore,64284.134693,0.245960972726941
Setonix brachyurus,18067236003,11602.90912,Setonix,Macropodidae,Diprotodontia,3027.67,1460,VU,Herbivore,18067.236003,0.642207204138662
Simias concolor,6004480274,7213.320941,Simias,Cercopithecidae,Primates,7393.9,4024.409658,CR,Herbivore,6004.480274,1.20132311404776
Sminthopsis leucopus,96976297953,8944.27191,Sminthopsis,Dasyuridae,Dasyuromorphia,23.36,542.6033,LC,Carnivore,96976.297953,0.092231525628405
Sminthopsis psammophila,7619609265,7071.067812,Sminthopsis,Dasyuridae,Dasyuromorphia,33.5,546.0264667,VU,Carnivore,7619.609265,0.928009241166778
Spalax giganteus,25404176031,670,Spalax,Spalacidae,Rodentia,211.245,1032.923574,LC,Herbivore,25404.176031,0.02637361665194
Speothos venaticus,11389100000000,55000,Speothos,Canidae,Carnivora,6324.54,1559.119689,NT,Carnivore,11389100,0.004829178776198
Sylvicapra grimmia,13576000000000,2729787.538,Sylvicapra,Bovidae,Cetartiodactyla,15639.15,1986.497967,LC,Herbivore,13576000,0.201074509281084
Syncerus caffer,8442680000000,399497.184,Syncerus,Bovidae,Cetartiodactyla,592666,4169.76,LC,Herbivore,8442680,0.047318764183885
Tapirus bairdii,285333000000,3000,Tapirus,Tapiridae,Perissodactyla,293781.6,4015,EN,Herbivore,285333,0.010514030974335
Tapirus indicus,89491862663,2500,Tapirus,Tapiridae,Perissodactyla,311209.2,4015,EN,Herbivore,89491.862663,0.02793550078865
Tapirus pinchaque,49536868152,2500,Tapirus,Tapiridae,Perissodactyla,156923.4,4015,EN,Herbivore,49536.868152,0.050467461776731
Tarsius sangirensis,556365213.4,5968.819009,Tarsius,Tarsiidae,Primates,165,2190,EN,Insectivore,556.3652134,10.7282390509716
Tetracerus quadricornis,2063090000000,8366.600265,Tetracerus,Bovidae,Cetartiodactyla,19282.12,1637.317,VU,Herbivore,2063090,0.004055373379252
Theropithecus gelada,103852000000,134000,Theropithecus,Cercopithecidae,Primates,15964.11,4456.1902,LC,Herbivore,103852,1.29029773138697
Trachypithecus delacouri,6008398087,149.8165545,Trachypithecus,Cercopithecidae,Primates,9000,3915.454545,CR,Herbivore,6008.398087,0.024934525364448
Trachypithecus francoisi,248808000000,1354.162656,Trachypithecus,Cercopithecidae,Primates,8139.93,4015,EN,Herbivore,248808,0.005442600945307
Trachypithecus geei,5685953834,4031.129,Trachypithecus,Cercopithecidae,Primates,8356,3650,EN,Herbivore,5685.953834,0.708962667951201
Trachypithecus poliocephalus,944695857.1,812.4629222,Trachypithecus,Cercopithecidae,Primates,9000,4015,CR,Herbivore,944.6958571,0.860025918494102
Tragelaphus angasii,197902000000,23452.0788,Tragelaphus,Bovidae,Cetartiodactyla,87616.76,2275.812133,LC,Herbivore,197902,0.118503495669574
Tragelaphus buxtoni,6875037813,1936.491673,Tragelaphus,Bovidae,Cetartiodactyla,215000.8,2190,EN,Herbivore,6875.037813,0.281669966867424
Tragelaphus derbianus,392963000000,9073.036978,Tragelaphus,Bovidae,Cetartiodactyla,663012.125,2592.853829,VU,Herbivore,392963,0.023088781839512
Tragelaphus eurycerus,2217280000000,19364.91673,Tragelaphus,Bovidae,Cetartiodactyla,270998.4,2555,NT,Herbivore,2217280,0.008733636135265
Tragelaphus imberbis,1488950000000,89442.7191,Tragelaphus,Bovidae,Cetartiodactyla,94320.39,2555,NT,Herbivore,1488950,0.060071002451392
Tragelaphus oryx,6776790000000,99498.74371,Tragelaphus,Bovidae,Cetartiodactyla,492500,3405.9027,LC,Herbivore,6776790,0.014682282276712
Tragelaphus scriptus,12064100000000,1224744.871,Tragelaphus,Bovidae,Cetartiodactyla,43250.39,1914.548167,LC,Herbivore,12064100,0.101519787717277
Tragelaphus spekii,4392200000000,103923.0485,Tragelaphus,Bovidae,Cetartiodactyla,75554.25,2746.500967,LC,Herbivore,4392200,0.02366081883794
Tragelaphus strepsiceros,6084590000000,324037.0349,Tragelaphus,Bovidae,Cetartiodactyla,206056.4,3100.066667,LC,Herbivore,6084590,0.053255360657004
Tremarctos ornatus,218255000000,5000,Tremarctos,Ursidae,Carnivora,123177,3650,VU,Herbivore,218255,0.022908982612082
Urocyon littoralis,911163482.4,4000,Urocyon,Canidae,Carnivora,1923,1171.6557,NT,Omnivore,911.1634824,4.38999156272596
Uromys hadrourus,635188032,20000,Uromys,Muridae,Rodentia,149.11,639.6318318,NT,Omnivore,635.188032,31.4867393471293
Ursus americanus,10469200000000,602068.7,Ursus,Ursidae,Carnivora,110500,4734.076867,LC,Omnivore,10469200,0.057508567989913
Ursus arctos,24948800000000,110000,Ursus,Ursidae,Carnivora,196287.5,5976.266667,LC,Omnivore,24948800,0.004409029692811
Ursus maritimus,22605600000000,17420,Ursus,Ursidae,Carnivora,371703.8,5475,VU,Omnivore,22605600,0.000770605513678
Vicugna vicugna,743523000000,350000,Vicugna,Camelidae,Cetartiodactyla,47499.61,3674.846867,LC,Herbivore,743523,0.470731907419138
Vulpes pallida,4152380000000,31622.61849,Vulpes,Canidae,Carnivora,2800.01,1529.35,LC,Omnivore,4152380,0.00761554060322
Wyulda squamicaudata,82875635321,7071.067812,Wyulda,Phalangeridae,Diprotodontia,1799.21,2000.363913,NT,Omnivore,82875.635321,0.085321431137292
Xeromys myoides,12793233219,15811.3883,Xeromys,Muridae,Rodentia,45.2,624.3996409,VU,Omnivore,12793.233219,1.23591808492302
Zyzomys maini,21158545311,20000,Zyzomys,Muridae,Rodentia,93.99,624.3996409,VU,Herbivore,21158.545311,0.945244566960013
Zyzomys palatalis,2582429603,1000,Zyzomys,Muridae,Rodentia,123,639.6318318,CR,NotAssigned,2582.429603,0.387232240072799
Zyzomys pedunculatus,7110095771,800,Zyzomys,Muridae,Rodentia,100,639.6318318,CR,Herbivore,7110.095771,0.112516065291689
